{
  "id": "3499818",
  "name": "电商APP",
  "font_family": "iconfont",
  "css_prefix_text": "icon-",
  "description": "",
  "glyphs": [
    {
      "icon_id": "1120980",
      "name": "右箭头",
      "font_class": "youjiantou1",
      "unicode": "e628",
      "unicode_decimal": 58920
    },
    {
      "icon_id": "1306",
      "name": "购物车空",
      "font_class": "gouwuchekong",
      "unicode": "e600",
      "unicode_decimal": 58880
    },
    {
      "icon_id": "201227",
      "name": "3.1我的-选中",
      "font_class": "31wodexuanzhong",
      "unicode": "e601",
      "unicode_decimal": 58881
    },
    {
      "icon_id": "629343",
      "name": "首页",
      "font_class": "shouye",
      "unicode": "e64f",
      "unicode_decimal": 58959
    },
    {
      "icon_id": "2675010",
      "name": "分类",
      "font_class": "fenlei",
      "unicode": "e62f",
      "unicode_decimal": 58927
    },
    {
      "icon_id": "12864190",
      "name": "秒杀",
      "font_class": "miaosha",
      "unicode": "e69e",
      "unicode_decimal": 59038
    }
  ]
}
